{"health":100,"playerPosition":{"x":3.8042826652526857,"y":-2.906262159347534,"z":17.76702117919922},"items":[],"pickUpItemsStates":[false,false,false,false,false]}