{"health":100,"playerPosition":{"x":-11.171759605407715,"y":-4.625555038452148,"z":10.076006889343262},"items":[],"pickUpItemsStates":[false,false,false,false,false]}