{"health":100,"playerPosition":{"x":12.698071479797364,"y":-2.8058149814605715,"z":17.742351531982423},"items":[],"pickUpItemsStates":[false,false,false,false,false]}