{"health":100,"playerPosition":{"x":-11.3742094039917,"y":-4.649045944213867,"z":12.253716468811036},"items":[{"instanceID":3886},{"instanceID":3418}],"pickUpItemsStates":[false,false,false,true,true]}