{"health":80,"playerPosition":{"x":-3.7168827056884767,"y":-4.122710227966309,"z":10.458897590637207},"items":[{"instanceID":3432},{"instanceID":2778}],"pickUpItemsStates":[true,true,false,false,false]}