{"health":100,"playerPosition":{"x":-18.44525718688965,"y":-5.153748989105225,"z":7.444689750671387},"items":[],"pickUpItemsStates":[false,false,false,false,false]}