{"cameraMode":{"drawMode":0,"name":"Shaded","section":"Shading Mode"},"sceneLighting":false,"audioPlay":false,"sceneViewState":{"showFog":false,"showMaterialUpdate":false,"showSkybox":false,"showFlares":true,"showImageEffects":true,"showParticleSystems":true},"in2DMode":false,"pivot":{"x":0.00002195668639615178,"y":0.00003479118458926678,"z":-0.00017877807840704918},"rotation":{"x":0.04682544991374016,"y":0.9345117211341858,"z":-0.13407695293426515,"w":0.3263719975948334},"size":0.015417438000440598,"orthographic":false}