{"cameraMode":{"drawMode":0,"name":"Shaded","section":"Shading Mode"},"sceneLighting":true,"audioPlay":false,"sceneViewState":{"showFog":false,"showMaterialUpdate":false,"showSkybox":true,"showFlares":true,"showImageEffects":true,"showParticleSystems":true},"in2DMode":false,"pivot":{"x":-11.550000190734864,"y":-3.690000057220459,"z":11.039999961853028},"rotation":{"x":-0.006032662000507116,"y":0.9791260957717896,"z":-0.20102845132350923,"w":-0.02938259392976761},"size":4.041658401489258,"orthographic":false}