{"cameraMode":{"drawMode":0,"name":"Shaded","section":"Shading Mode"},"sceneLighting":false,"audioPlay":false,"sceneViewState":{"showFog":false,"showMaterialUpdate":false,"showSkybox":false,"showFlares":true,"showImageEffects":true,"showParticleSystems":true},"in2DMode":false,"pivot":{"x":2.384185791015625e-7,"y":1.1763370037078858,"z":-0.3770372271537781},"rotation":{"x":0.01063641905784607,"y":-0.9547175168991089,"z":0.29532870650291445,"w":0.03438467159867287},"size":1.8505589962005616,"orthographic":false}