{"cameraMode":{"drawMode":0,"name":"Shaded","section":"Shading Mode"},"sceneLighting":false,"audioPlay":false,"sceneViewState":{"showFog":false,"showMaterialUpdate":false,"showSkybox":false,"showFlares":true,"showImageEffects":true,"showParticleSystems":true},"in2DMode":false,"pivot":{"x":-11.381278038024903,"y":-4.1934123039245609,"z":13.790300369262696},"rotation":{"x":0.01063641905784607,"y":-0.9547175168991089,"z":0.29532870650291445,"w":0.03438467159867287},"size":0.7370128035545349,"orthographic":false}