{"cameraMode":{"drawMode":0,"name":"Shaded","section":"Shading Mode"},"sceneLighting":false,"audioPlay":false,"sceneViewState":{"showFog":false,"showMaterialUpdate":false,"showSkybox":false,"showFlares":true,"showImageEffects":true,"showParticleSystems":true},"in2DMode":false,"pivot":{"x":0.0018122494220733643,"y":-0.07505491375923157,"z":-0.8061696290969849},"rotation":{"x":0.01063641905784607,"y":-0.9547175168991089,"z":0.29532870650291445,"w":0.03438467159867287},"size":0.6170364022254944,"orthographic":false}