{"cameraMode":{"drawMode":0,"name":"Shaded","section":"Shading Mode"},"sceneLighting":false,"audioPlay":false,"sceneViewState":{"showFog":false,"showMaterialUpdate":false,"showSkybox":false,"showFlares":true,"showImageEffects":true,"showParticleSystems":true},"in2DMode":false,"pivot":{"x":-9.90255069732666,"y":-3.485348701477051,"z":14.003314018249512},"rotation":{"x":0.01063641905784607,"y":-0.9547175168991089,"z":0.29532870650291445,"w":0.03438467159867287},"size":1.0594828128814698,"orthographic":false}