{"cameraMode":{"drawMode":0,"name":"Shaded","section":"Shading Mode"},"sceneLighting":false,"audioPlay":false,"sceneViewState":{"showFog":false,"showMaterialUpdate":false,"showSkybox":false,"showFlares":true,"showImageEffects":true,"showParticleSystems":true},"in2DMode":false,"pivot":{"x":2.086162567138672e-7,"y":0.05264490842819214,"z":0.33426856994628909},"rotation":{"x":0.0025223728734999897,"y":-0.9974765181541443,"z":0.04941545054316521,"w":0.0509154386818409},"size":2.0097806453704836,"orthographic":false}