{"cameraMode":{"drawMode":0,"name":"Shaded","section":"Shading Mode"},"sceneLighting":false,"audioPlay":false,"sceneViewState":{"showFog":false,"showMaterialUpdate":false,"showSkybox":false,"showFlares":true,"showImageEffects":true,"showParticleSystems":true},"in2DMode":false,"pivot":{"x":-10.288812637329102,"y":-3.1276869773864748,"z":13.566681861877442},"rotation":{"x":0.01063641905784607,"y":-0.9547175168991089,"z":0.29532870650291445,"w":0.03438467159867287},"size":0.7370128035545349,"orthographic":false}